Masse;Volts
0;-270.0
0.5;-282.0
1.0;-282.0
1.5;-282.0
2.0;-326.6
2.5;-348.5
3.0;-364.14285714285717
3.5;-352.375
4.0;-362.8888888888889
